Name,Low IP,High IP,Malware Type,Confidence,Severity,ASN,Org,Country,Description,Last Seen
1.234.21.73,1.234.21.73,1.234.21.73,Botnet C2, , , , , ,abuse.ch Feodo Tracker Botnet C2 IP Blocklist,10/29/2021
100.1.119.41,100.1.119.41,100.1.119.41,Botnet C2, , , , , ,abuse.ch Feodo Tracker Botnet C2 IP Blocklist,10/29/2021
103.109.247.13,103.109.247.13,103.109.247.13,Botnet C2, , , , , ,abuse.ch Feodo Tracker Botnet C2 IP Blocklist,10/29/2021
103.109.247.8,103.109.247.8,103.109.247.8,Botnet C2, , , , , ,abuse.ch Feodo Tracker Botnet C2 IP Blocklist,10/29/2021
103.109.247.9,103.109.247.9,103.109.247.9,Botnet C2, , , , , ,abuse.ch Feodo Tracker Botnet C2 IP Blocklist,10/29/2021
103.113.105.126,103.113.105.126,103.113.105.126,Botnet C2, , , , , ,abuse.ch Feodo Tracker Botnet C2 IP Blocklist,10/29/2021
103.116.178.85,103.116.178.85,103.116.178.85,Botnet C2, , , , , ,abuse.ch Feodo Tracker Botnet C2 IP Blocklist,10/29/2021
103.127.67.38,103.127.67.38,103.127.67.38,Botnet C2, , , , , ,abuse.ch Feodo Tracker Botnet C2 IP Blocklist,10/29/2021
103.140.207.110,103.140.207.110,103.140.207.110,Botnet C2, , , , , ,abuse.ch Feodo Tracker Botnet C2 IP Blocklist,10/29/2021
103.142.10.177,103.142.10.177,103.142.10.177,Botnet C2, , , , , ,abuse.ch Feodo Tracker Botnet C2 IP Blocklist,10/29/2021
103.143.8.71,103.143.8.71,103.143.8.71,Botnet C2, , , , , ,abuse.ch Feodo Tracker Botnet C2 IP Blocklist,10/29/2021
103.146.232.154,103.146.232.154,103.146.232.154,Botnet C2, , , , , ,abuse.ch Feodo Tracker Botnet C2 IP Blocklist,10/29/2021
103.148.120.144,103.148.120.144,103.148.120.144,Botnet C2, , , , , ,abuse.ch Feodo Tracker Botnet C2 IP Blocklist,10/29/2021
103.150.40.76,103.150.40.76,103.150.40.76,Botnet C2, , , , , ,abuse.ch Feodo Tracker Botnet C2 IP Blocklist,10/29/2021
103.157.122.198,103.157.122.198,103.157.122.198,Botnet C2, , , , , ,abuse.ch Feodo Tracker Botnet C2 IP Blocklist,10/29/2021
103.164.180.66,103.164.180.66,103.164.180.66,Botnet C2, , , , , ,abuse.ch Feodo Tracker Botnet C2 IP Blocklist,10/29/2021
103.233.25.228,103.233.25.228,103.233.25.228,Botnet C2, , , , , ,abuse.ch Feodo Tracker Botnet C2 IP Blocklist,10/29/2021
103.238.203.82,103.238.203.82,103.238.203.82,Botnet C2, , , , , ,abuse.ch Feodo Tracker Botnet C2 IP Blocklist,10/29/2021
103.248.217.234,103.248.217.234,103.248.217.234,Botnet C2, , , , , ,abuse.ch Feodo Tracker Botnet C2 IP Blocklist,10/29/2021
103.253.107.153,103.253.107.153,103.253.107.153,Botnet C2, , , , , ,abuse.ch Feodo Tracker Botnet C2 IP Blocklist,10/29/2021
103.253.107.155,103.253.107.155,103.253.107.155,Botnet C2, , , , , ,abuse.ch Feodo Tracker Botnet C2 IP Blocklist,10/29/2021
103.253.107.156,103.253.107.156,103.253.107.156,Botnet C2, , , , , ,abuse.ch Feodo Tracker Botnet C2 IP Blocklist,10/29/2021
103.253.107.198,103.253.107.198,103.253.107.198,Botnet C2, , , , , ,abuse.ch Feodo Tracker Botnet C2 IP Blocklist,10/29/2021
103.30.247.115,103.30.247.115,103.30.247.115,Botnet C2, , , , , ,abuse.ch Feodo Tracker Botnet C2 IP Blocklist,10/29/2021
103.30.247.116,103.30.247.116,103.30.247.116,Botnet C2, , , , , ,abuse.ch Feodo Tracker Botnet C2 IP Blocklist,10/29/2021
103.40.116.68,103.40.116.68,103.40.116.68,Botnet C2, , , , , ,abuse.ch Feodo Tracker Botnet C2 IP Blocklist,10/29/2021
103.47.170.130,103.47.170.130,103.47.170.130,Botnet C2, , , , , ,abuse.ch Feodo Tracker Botnet C2 IP Blocklist,10/29/2021
103.47.170.131,103.47.170.131,103.47.170.131,Botnet C2, , , , , ,abuse.ch Feodo Tracker Botnet C2 IP Blocklist,10/29/2021
103.52.135.61,103.52.135.61,103.52.135.61,Botnet C2, , , , , ,abuse.ch Feodo Tracker Botnet C2 IP Blocklist,10/29/2021
103.58.102.177,103.58.102.177,103.58.102.177,Botnet C2, , , , , ,abuse.ch Feodo Tracker Botnet C2 IP Blocklist,10/29/2021
103.73.102.174,103.73.102.174,103.73.102.174,Botnet C2, , , , , ,abuse.ch Feodo Tracker Botnet C2 IP Blocklist,10/29/2021
103.75.32.173,103.75.32.173,103.75.32.173,Botnet C2, , , , , ,abuse.ch Feodo Tracker Botnet C2 IP Blocklist,10/29/2021
103.75.32.38,103.75.32.38,103.75.32.38,Botnet C2, , , , , ,abuse.ch Feodo Tracker Botnet C2 IP Blocklist,10/29/2021
103.82.211.39,103.82.211.39,103.82.211.39,Botnet C2, , , , , ,abuse.ch Feodo Tracker Botnet C2 IP Blocklist,10/29/2021
103.82.248.59,103.82.248.59,103.82.248.59,Botnet C2, , , , , ,abuse.ch Feodo Tracker Botnet C2 IP Blocklist,10/29/2021
103.87.173.60,103.87.173.60,103.87.173.60,Botnet C2, , , , , ,abuse.ch Feodo Tracker Botnet C2 IP Blocklist,10/29/2021
103.94.0.178,103.94.0.178,103.94.0.178,Botnet C2, , , , , ,abuse.ch Feodo Tracker Botnet C2 IP Blocklist,10/29/2021
104.245.52.73,104.245.52.73,104.245.52.73,Botnet C2, , , , , ,abuse.ch Feodo Tracker Botnet C2 IP Blocklist,10/29/2021
104.248.178.90,104.248.178.90,104.248.178.90,Botnet C2, , , , , ,abuse.ch Feodo Tracker Botnet C2 IP Blocklist,10/29/2021
105.198.236.99,105.198.236.99,105.198.236.99,Botnet C2, , , , , ,abuse.ch Feodo Tracker Botnet C2 IP Blocklist,10/29/2021
107.170.64.97,107.170.64.97,107.170.64.97,Botnet C2, , , , , ,abuse.ch Feodo Tracker Botnet C2 IP Blocklist,10/29/2021
108.4.67.252,108.4.67.252,108.4.67.252,Botnet C2, , , , , ,abuse.ch Feodo Tracker Botnet C2 IP Blocklist,10/29/2021
108.55.14.158,108.55.14.158,108.55.14.158,Botnet C2, , , , , ,abuse.ch Feodo Tracker Botnet C2 IP Blocklist,10/29/2021
109.12.111.14,109.12.111.14,109.12.111.14,Botnet C2, , , , , ,abuse.ch Feodo Tracker Botnet C2 IP Blocklist,10/29/2021
109.228.255.59,109.228.255.59,109.228.255.59,Botnet C2, , , , , ,abuse.ch Feodo Tracker Botnet C2 IP Blocklist,10/29/2021
110.174.64.179,110.174.64.179,110.174.64.179,Botnet C2, , , , , ,abuse.ch Feodo Tracker Botnet C2 IP Blocklist,10/29/2021
111.230.104.169,111.230.104.169,111.230.104.169,Botnet C2, , , , , ,abuse.ch Feodo Tracker Botnet C2 IP Blocklist,10/29/2021
111.235.66.83,111.235.66.83,111.235.66.83,Botnet C2, , , , , ,abuse.ch Feodo Tracker Botnet C2 IP Blocklist,10/29/2021
111.250.36.194,111.250.36.194,111.250.36.194,Botnet C2, , , , , ,abuse.ch Feodo Tracker Botnet C2 IP Blocklist,10/29/2021
114.79.130.68,114.79.130.68,114.79.130.68,Botnet C2, , , , , ,abuse.ch Feodo Tracker Botnet C2 IP Blocklist,10/29/2021
115.96.53.68,115.96.53.68,115.96.53.68,Botnet C2, , , , , ,abuse.ch Feodo Tracker Botnet C2 IP Blocklist,10/29/2021
115.96.62.113,115.96.62.113,115.96.62.113,Botnet C2, , , , , ,abuse.ch Feodo Tracker Botnet C2 IP Blocklist,10/29/2021
115.96.64.9,115.96.64.9,115.96.64.9,Botnet C2, , , , , ,abuse.ch Feodo Tracker Botnet C2 IP Blocklist,10/29/2021
115.99.227.13,115.99.227.13,115.99.227.13,Botnet C2, , , , , ,abuse.ch Feodo Tracker Botnet C2 IP Blocklist,10/29/2021
116.203.55.59,116.203.55.59,116.203.55.59,Botnet C2, , , , , ,abuse.ch Feodo Tracker Botnet C2 IP Blocklist,10/29/2021
116.206.153.212,116.206.153.212,116.206.153.212,Botnet C2, , , , , ,abuse.ch Feodo Tracker Botnet C2 IP Blocklist,10/29/2021
117.222.57.92,117.222.57.92,117.222.57.92,Botnet C2, , , , , ,abuse.ch Feodo Tracker Botnet C2 IP Blocklist,10/29/2021
117.222.61.115,117.222.61.115,117.222.61.115,Botnet C2, , , , , ,abuse.ch Feodo Tracker Botnet C2 IP Blocklist,10/29/2021
117.248.109.38,117.248.109.38,117.248.109.38,Botnet C2, , , , , ,abuse.ch Feodo Tracker Botnet C2 IP Blocklist,10/29/2021
118.91.190.42,118.91.190.42,118.91.190.42,Botnet C2, , , , , ,abuse.ch Feodo Tracker Botnet C2 IP Blocklist,10/29/2021
120.150.218.241,120.150.218.241,120.150.218.241,Botnet C2, , , , , ,abuse.ch Feodo Tracker Botnet C2 IP Blocklist,10/29/2021
120.151.47.189,120.151.47.189,120.151.47.189,Botnet C2, , , , , ,abuse.ch Feodo Tracker Botnet C2 IP Blocklist,10/29/2021
121.199.35.69,121.199.35.69,121.199.35.69,Botnet C2, , , , , ,abuse.ch Feodo Tracker Botnet C2 IP Blocklist,10/29/2021
122.11.220.212,122.11.220.212,122.11.220.212,Botnet C2, , , , , ,abuse.ch Feodo Tracker Botnet C2 IP Blocklist,10/29/2021
122.117.90.133,122.117.90.133,122.117.90.133,Botnet C2, , , , , ,abuse.ch Feodo Tracker Botnet C2 IP Blocklist,10/29/2021
122.60.71.201,122.60.71.201,122.60.71.201,Botnet C2, , , , , ,abuse.ch Feodo Tracker Botnet C2 IP Blocklist,10/29/2021
123.252.190.14,123.252.190.14,123.252.190.14,Botnet C2, , , , , ,abuse.ch Feodo Tracker Botnet C2 IP Blocklist,10/29/2021
124.123.42.115,124.123.42.115,124.123.42.115,Botnet C2, , , , , ,abuse.ch Feodo Tracker Botnet C2 IP Blocklist,10/29/2021
124.41.211.17,124.41.211.17,124.41.211.17,Botnet C2, , , , , ,abuse.ch Feodo Tracker Botnet C2 IP Blocklist,10/29/2021
125.234.128.250,125.234.128.250,125.234.128.250,Botnet C2, , , , , ,abuse.ch Feodo Tracker Botnet C2 IP Blocklist,10/29/2021
128.199.192.135,128.199.192.135,128.199.192.135,Botnet C2, , , , , ,abuse.ch Feodo Tracker Botnet C2 IP Blocklist,10/29/2021
128.199.206.91,128.199.206.91,128.199.206.91,Botnet C2, , , , , ,abuse.ch Feodo Tracker Botnet C2 IP Blocklist,10/29/2021
128.199.232.159,128.199.232.159,128.199.232.159,Botnet C2, , , , , ,abuse.ch Feodo Tracker Botnet C2 IP Blocklist,10/29/2021
128.201.76.252,128.201.76.252,128.201.76.252,Botnet C2, , , , , ,abuse.ch Feodo Tracker Botnet C2 IP Blocklist,10/29/2021
129.208.147.188,129.208.147.188,129.208.147.188,Botnet C2, , , , , ,abuse.ch Feodo Tracker Botnet C2 IP Blocklist,10/29/2021
131.100.24.199,131.100.24.199,131.100.24.199,Botnet C2, , , , , ,abuse.ch Feodo Tracker Botnet C2 IP Blocklist,10/29/2021
134.209.182.12,134.209.182.12,134.209.182.12,Botnet C2, , , , , ,abuse.ch Feodo Tracker Botnet C2 IP Blocklist,10/29/2021
136.143.11.232,136.143.11.232,136.143.11.232,Botnet C2, , , , , ,abuse.ch Feodo Tracker Botnet C2 IP Blocklist,10/29/2021
136.144.131.189,136.144.131.189,136.144.131.189,Botnet C2, , , , , ,abuse.ch Feodo Tracker Botnet C2 IP Blocklist,10/29/2021
136.228.128.21,136.228.128.21,136.228.128.21,Botnet C2, , , , , ,abuse.ch Feodo Tracker Botnet C2 IP Blocklist,10/29/2021
136.232.254.46,136.232.254.46,136.232.254.46,Botnet C2, , , , , ,abuse.ch Feodo Tracker Botnet C2 IP Blocklist,10/29/2021
136.232.34.70,136.232.34.70,136.232.34.70,Botnet C2, , , , , ,abuse.ch Feodo Tracker Botnet C2 IP Blocklist,10/29/2021
137.74.112.43,137.74.112.43,137.74.112.43,Botnet C2, , , , , ,abuse.ch Feodo Tracker Botnet C2 IP Blocklist,10/29/2021
138.121.91.136,138.121.91.136,138.121.91.136,Botnet C2, , , , , ,abuse.ch Feodo Tracker Botnet C2 IP Blocklist,10/29/2021
138.197.109.175,138.197.109.175,138.197.109.175,Botnet C2, , , , , ,abuse.ch Feodo Tracker Botnet C2 IP Blocklist,10/29/2021
139.255.199.196,139.255.199.196,139.255.199.196,Botnet C2, , , , , ,abuse.ch Feodo Tracker Botnet C2 IP Blocklist,10/29/2021
139.59.59.242,139.59.59.242,139.59.59.242,Botnet C2, , , , , ,abuse.ch Feodo Tracker Botnet C2 IP Blocklist,10/29/2021
14.102.15.101,14.102.15.101,14.102.15.101,Botnet C2, , , , , ,abuse.ch Feodo Tracker Botnet C2 IP Blocklist,10/29/2021
142.11.214.93,142.11.214.93,142.11.214.93,Botnet C2, , , , , ,abuse.ch Feodo Tracker Botnet C2 IP Blocklist,10/29/2021
142.4.219.173,142.4.219.173,142.4.219.173,Botnet C2, , , , , ,abuse.ch Feodo Tracker Botnet C2 IP Blocklist,10/29/2021
142.44.247.57,142.44.247.57,142.44.247.57,Botnet C2, , , , , ,abuse.ch Feodo Tracker Botnet C2 IP Blocklist,10/29/2021
143.244.140.214,143.244.140.214,143.244.140.214,Botnet C2, , , , , ,abuse.ch Feodo Tracker Botnet C2 IP Blocklist,10/29/2021
143.92.137.106,143.92.137.106,143.92.137.106,Botnet C2, , , , , ,abuse.ch Feodo Tracker Botnet C2 IP Blocklist,10/29/2021
144.139.47.206,144.139.47.206,144.139.47.206,Botnet C2, , , , , ,abuse.ch Feodo Tracker Botnet C2 IP Blocklist,10/29/2021
144.76.1.150,144.76.1.150,144.76.1.150,Botnet C2, , , , , ,abuse.ch Feodo Tracker Botnet C2 IP Blocklist,10/29/2021
144.76.42.74,144.76.42.74,144.76.42.74,Botnet C2, , , , , ,abuse.ch Feodo Tracker Botnet C2 IP Blocklist,10/29/2021
146.66.238.74,146.66.238.74,146.66.238.74,Botnet C2, , , , , ,abuse.ch Feodo Tracker Botnet C2 IP Blocklist,10/29/2021
148.235.154.164,148.235.154.164,148.235.154.164,Botnet C2, , , , , ,abuse.ch Feodo Tracker Botnet C2 IP Blocklist,10/29/2021
148.251.238.52,148.251.238.52,148.251.238.52,Botnet C2, , , , , ,abuse.ch Feodo Tracker Botnet C2 IP Blocklist,10/29/2021
149.202.179.100,149.202.179.100,149.202.179.100,Botnet C2, , , , , ,abuse.ch Feodo Tracker Botnet C2 IP Blocklist,10/29/2021
149.210.181.82,149.210.181.82,149.210.181.82,Botnet C2, , , , , ,abuse.ch Feodo Tracker Botnet C2 IP Blocklist,10/29/2021
149.28.99.97,149.28.99.97,149.28.99.97,Botnet C2, , , , , ,abuse.ch Feodo Tracker Botnet C2 IP Blocklist,10/29/2021
153.126.165.175,153.126.165.175,153.126.165.175,Botnet C2, , , , , ,abuse.ch Feodo Tracker Botnet C2 IP Blocklist,10/29/2021
155.138.203.91,155.138.203.91,155.138.203.91,Botnet C2, , , , , ,abuse.ch Feodo Tracker Botnet C2 IP Blocklist,10/29/2021
156.67.220.186,156.67.220.186,156.67.220.186,Botnet C2, , , , , ,abuse.ch Feodo Tracker Botnet C2 IP Blocklist,10/29/2021
157.119.215.186,157.119.215.186,157.119.215.186,Botnet C2, , , , , ,abuse.ch Feodo Tracker Botnet C2 IP Blocklist,10/29/2021
157.245.222.44,157.245.222.44,157.245.222.44,Botnet C2, , , , , ,abuse.ch Feodo Tracker Botnet C2 IP Blocklist,10/29/2021
158.69.118.130,158.69.118.130,158.69.118.130,Botnet C2, , , , , ,abuse.ch Feodo Tracker Botnet C2 IP Blocklist,10/29/2021
159.2.51.200,159.2.51.200,159.2.51.200,Botnet C2, , , , , ,abuse.ch Feodo Tracker Botnet C2 IP Blocklist,10/29/2021
159.224.167.102,159.224.167.102,159.224.167.102,Botnet C2, , , , , ,abuse.ch Feodo Tracker Botnet C2 IP Blocklist,10/29/2021
159.65.3.147,159.65.3.147,159.65.3.147,Botnet C2, , , , , ,abuse.ch Feodo Tracker Botnet C2 IP Blocklist,10/29/2021
162.13.114.59,162.13.114.59,162.13.114.59,Botnet C2, , , , , ,abuse.ch Feodo Tracker Botnet C2 IP Blocklist,10/29/2021
162.214.106.107,162.214.106.107,162.214.106.107,Botnet C2, , , , , ,abuse.ch Feodo Tracker Botnet C2 IP Blocklist,10/29/2021
162.214.127.16,162.214.127.16,162.214.127.16,Botnet C2, , , , , ,abuse.ch Feodo Tracker Botnet C2 IP Blocklist,10/29/2021
162.214.188.105,162.214.188.105,162.214.188.105,Botnet C2, , , , , ,abuse.ch Feodo Tracker Botnet C2 IP Blocklist,10/29/2021
162.241.41.92,162.241.41.92,162.241.41.92,Botnet C2, , , , , ,abuse.ch Feodo Tracker Botnet C2 IP Blocklist,10/29/2021
165.73.90.187,165.73.90.187,165.73.90.187,Botnet C2, , , , , ,abuse.ch Feodo Tracker Botnet C2 IP Blocklist,10/29/2021
167.172.119.42,167.172.119.42,167.172.119.42,Botnet C2, , , , , ,abuse.ch Feodo Tracker Botnet C2 IP Blocklist,10/29/2021
167.248.100.227,167.248.100.227,167.248.100.227,Botnet C2, , , , , ,abuse.ch Feodo Tracker Botnet C2 IP Blocklist,10/29/2021
167.248.111.245,167.248.111.245,167.248.111.245,Botnet C2, , , , , ,abuse.ch Feodo Tracker Botnet C2 IP Blocklist,10/29/2021
167.248.117.81,167.248.117.81,167.248.117.81,Botnet C2, , , , , ,abuse.ch Feodo Tracker Botnet C2 IP Blocklist,10/29/2021
167.248.126.223,167.248.126.223,167.248.126.223,Botnet C2, , , , , ,abuse.ch Feodo Tracker Botnet C2 IP Blocklist,10/29/2021
167.248.23.224,167.248.23.224,167.248.23.224,Botnet C2, , , , , ,abuse.ch Feodo Tracker Botnet C2 IP Blocklist,10/29/2021
167.248.81.60,167.248.81.60,167.248.81.60,Botnet C2, , , , , ,abuse.ch Feodo Tracker Botnet C2 IP Blocklist,10/29/2021
167.248.99.149,167.248.99.149,167.248.99.149,Botnet C2, , , , , ,abuse.ch Feodo Tracker Botnet C2 IP Blocklist,10/29/2021
167.71.232.57,167.71.232.57,167.71.232.57,Botnet C2, , , , , ,abuse.ch Feodo Tracker Botnet C2 IP Blocklist,10/29/2021
169.255.57.61,169.255.57.61,169.255.57.61,Botnet C2, , , , , ,abuse.ch Feodo Tracker Botnet C2 IP Blocklist,10/29/2021
170.238.117.187,170.238.117.187,170.238.117.187,Botnet C2, , , , , ,abuse.ch Feodo Tracker Botnet C2 IP Blocklist,10/29/2021
172.104.58.76,172.104.58.76,172.104.58.76,Botnet C2, , , , , ,abuse.ch Feodo Tracker Botnet C2 IP Blocklist,10/29/2021
173.21.10.71,173.21.10.71,173.21.10.71,Botnet C2, , , , , ,abuse.ch Feodo Tracker Botnet C2 IP Blocklist,10/29/2021
173.22.178.66,173.22.178.66,173.22.178.66,Botnet C2, , , , , ,abuse.ch Feodo Tracker Botnet C2 IP Blocklist,10/29/2021
173.25.162.221,173.25.162.221,173.25.162.221,Botnet C2, , , , , ,abuse.ch Feodo Tracker Botnet C2 IP Blocklist,10/29/2021
173.25.166.81,173.25.166.81,173.25.166.81,Botnet C2, , , , , ,abuse.ch Feodo Tracker Botnet C2 IP Blocklist,10/29/2021
174.54.193.186,174.54.193.186,174.54.193.186,Botnet C2, , , , , ,abuse.ch Feodo Tracker Botnet C2 IP Blocklist,10/29/2021
174.54.58.170,174.54.58.170,174.54.58.170,Botnet C2, , , , , ,abuse.ch Feodo Tracker Botnet C2 IP Blocklist,10/29/2021
174.59.35.191,174.59.35.191,174.59.35.191,Botnet C2, , , , , ,abuse.ch Feodo Tracker Botnet C2 IP Blocklist,10/29/2021
174.76.17.43,174.76.17.43,174.76.17.43,Botnet C2, , , , , ,abuse.ch Feodo Tracker Botnet C2 IP Blocklist,10/29/2021
176.100.4.31,176.100.4.31,176.100.4.31,Botnet C2, , , , , ,abuse.ch Feodo Tracker Botnet C2 IP Blocklist,10/29/2021
176.28.17.160,176.28.17.160,176.28.17.160,Botnet C2, , , , , ,abuse.ch Feodo Tracker Botnet C2 IP Blocklist,10/29/2021
176.31.117.84,176.31.117.84,176.31.117.84,Botnet C2, , , , , ,abuse.ch Feodo Tracker Botnet C2 IP Blocklist,10/29/2021
176.45.11.226,176.45.11.226,176.45.11.226,Botnet C2, , , , , ,abuse.ch Feodo Tracker Botnet C2 IP Blocklist,10/29/2021
176.45.53.222,176.45.53.222,176.45.53.222,Botnet C2, , , , , ,abuse.ch Feodo Tracker Botnet C2 IP Blocklist,10/29/2021
177.130.82.197,177.130.82.197,177.130.82.197,Botnet C2, , , , , ,abuse.ch Feodo Tracker Botnet C2 IP Blocklist,10/29/2021
177.170.201.134,177.170.201.134,177.170.201.134,Botnet C2, , , , , ,abuse.ch Feodo Tracker Botnet C2 IP Blocklist,10/29/2021
177.75.5.222,177.75.5.222,177.75.5.222,Botnet C2, , , , , ,abuse.ch Feodo Tracker Botnet C2 IP Blocklist,10/29/2021
177.87.0.7,177.87.0.7,177.87.0.7,Botnet C2, , , , , ,abuse.ch Feodo Tracker Botnet C2 IP Blocklist,10/29/2021
177.94.21.110,177.94.21.110,177.94.21.110,Botnet C2, , , , , ,abuse.ch Feodo Tracker Botnet C2 IP Blocklist,10/29/2021
178.128.197.110,178.128.197.110,178.128.197.110,Botnet C2, , , , , ,abuse.ch Feodo Tracker Botnet C2 IP Blocklist,10/29/2021
178.128.23.9,178.128.23.9,178.128.23.9,Botnet C2, , , , , ,abuse.ch Feodo Tracker Botnet C2 IP Blocklist,10/29/2021
178.128.83.165,178.128.83.165,178.128.83.165,Botnet C2, , , , , ,abuse.ch Feodo Tracker Botnet C2 IP Blocklist,10/29/2021
178.238.236.59,178.238.236.59,178.238.236.59,Botnet C2, , , , , ,abuse.ch Feodo Tracker Botnet C2 IP Blocklist,10/29/2021
178.254.33.197,178.254.33.197,178.254.33.197,Botnet C2, , , , , ,abuse.ch Feodo Tracker Botnet C2 IP Blocklist,10/29/2021
178.33.123.234,178.33.123.234,178.33.123.234,Botnet C2, , , , , ,abuse.ch Feodo Tracker Botnet C2 IP Blocklist,10/29/2021
178.33.13.40,178.33.13.40,178.33.13.40,Botnet C2, , , , , ,abuse.ch Feodo Tracker Botnet C2 IP Blocklist,10/29/2021
178.62.205.130,178.62.205.130,178.62.205.130,Botnet C2, , , , , ,abuse.ch Feodo Tracker Botnet C2 IP Blocklist,10/29/2021
178.79.147.66,178.79.147.66,178.79.147.66,Botnet C2, , , , , ,abuse.ch Feodo Tracker Botnet C2 IP Blocklist,10/29/2021
178.79.150.86,178.79.150.86,178.79.150.86,Botnet C2, , , , , ,abuse.ch Feodo Tracker Botnet C2 IP Blocklist,10/29/2021
179.189.229.254,179.189.229.254,179.189.229.254,Botnet C2, , , , , ,abuse.ch Feodo Tracker Botnet C2 IP Blocklist,10/29/2021
18.195.23.231,18.195.23.231,18.195.23.231,Botnet C2, , , , , ,abuse.ch Feodo Tracker Botnet C2 IP Blocklist,10/29/2021
181.112.157.42,181.112.157.42,181.112.157.42,Botnet C2, , , , , ,abuse.ch Feodo Tracker Botnet C2 IP Blocklist,10/29/2021
181.118.183.94,181.118.183.94,181.118.183.94,Botnet C2, , , , , ,abuse.ch Feodo Tracker Botnet C2 IP Blocklist,10/29/2021
181.129.167.82,181.129.167.82,181.129.167.82,Botnet C2, , , , , ,abuse.ch Feodo Tracker Botnet C2 IP Blocklist,10/29/2021
181.143.251.154,181.143.251.154,181.143.251.154,Botnet C2, , , , , ,abuse.ch Feodo Tracker Botnet C2 IP Blocklist,10/29/2021
181.4.53.6,181.4.53.6,181.4.53.6,Botnet C2, , , , , ,abuse.ch Feodo Tracker Botnet C2 IP Blocklist,10/29/2021
182.176.180.73,182.176.180.73,182.176.180.73,Botnet C2, , , , , ,abuse.ch Feodo Tracker Botnet C2 IP Blocklist,10/29/2021
182.253.106.35,182.253.106.35,182.253.106.35,Botnet C2, , , , , ,abuse.ch Feodo Tracker Botnet C2 IP Blocklist,10/29/2021
182.253.210.130,182.253.210.130,182.253.210.130,Botnet C2, , , , , ,abuse.ch Feodo Tracker Botnet C2 IP Blocklist,10/29/2021
185.122.58.89,185.122.58.89,185.122.58.89,Botnet C2, , , , , ,abuse.ch Feodo Tracker Botnet C2 IP Blocklist,10/29/2021
185.143.48.16,185.143.48.16,185.143.48.16,Botnet C2, , , , , ,abuse.ch Feodo Tracker Botnet C2 IP Blocklist,10/29/2021
185.148.168.220,185.148.168.220,185.148.168.220,Botnet C2, , , , , ,abuse.ch Feodo Tracker Botnet C2 IP Blocklist,10/29/2021
185.148.168.25,185.148.168.25,185.148.168.25,Botnet C2, , , , , ,abuse.ch Feodo Tracker Botnet C2 IP Blocklist,10/29/2021
185.157.82.209,185.157.82.209,185.157.82.209,Botnet C2, , , , , ,abuse.ch Feodo Tracker Botnet C2 IP Blocklist,10/29/2021
185.164.32.148,185.164.32.148,185.164.32.148,Botnet C2, , , , , ,abuse.ch Feodo Tracker Botnet C2 IP Blocklist,10/29/2021
185.168.130.138,185.168.130.138,185.168.130.138,Botnet C2, , , , , ,abuse.ch Feodo Tracker Botnet C2 IP Blocklist,10/29/2021
185.250.148.74,185.250.148.74,185.250.148.74,Botnet C2, , , , , ,abuse.ch Feodo Tracker Botnet C2 IP Blocklist,10/29/2021
185.30.32.51,185.30.32.51,185.30.32.51,Botnet C2, , , , , ,abuse.ch Feodo Tracker Botnet C2 IP Blocklist,10/29/2021
185.53.147.51,185.53.147.51,185.53.147.51,Botnet C2, , , , , ,abuse.ch Feodo Tracker Botnet C2 IP Blocklist,10/29/2021
185.56.175.122,185.56.175.122,185.56.175.122,Botnet C2, , , , , ,abuse.ch Feodo Tracker Botnet C2 IP Blocklist,10/29/2021
185.56.219.47,185.56.219.47,185.56.219.47,Botnet C2, , , , , ,abuse.ch Feodo Tracker Botnet C2 IP Blocklist,10/29/2021
185.94.172.15,185.94.172.15,185.94.172.15,Botnet C2, , , , , ,abuse.ch Feodo Tracker Botnet C2 IP Blocklist,10/29/2021
186.18.205.199,186.18.205.199,186.18.205.199,Botnet C2, , , , , ,abuse.ch Feodo Tracker Botnet C2 IP Blocklist,10/29/2021
186.235.48.8,186.235.48.8,186.235.48.8,Botnet C2, , , , , ,abuse.ch Feodo Tracker Botnet C2 IP Blocklist,10/29/2021
186.250.48.123,186.250.48.123,186.250.48.123,Botnet C2, , , , , ,abuse.ch Feodo Tracker Botnet C2 IP Blocklist,10/29/2021
186.32.163.199,186.32.163.199,186.32.163.199,Botnet C2, , , , , ,abuse.ch Feodo Tracker Botnet C2 IP Blocklist,10/29/2021
186.4.193.75,186.4.193.75,186.4.193.75,Botnet C2, , , , , ,abuse.ch Feodo Tracker Botnet C2 IP Blocklist,10/29/2021
187.116.124.82,187.116.124.82,187.116.124.82,Botnet C2, , , , , ,abuse.ch Feodo Tracker Botnet C2 IP Blocklist,10/29/2021
187.149.227.40,187.149.227.40,187.149.227.40,Botnet C2, , , , , ,abuse.ch Feodo Tracker Botnet C2 IP Blocklist,10/29/2021
187.156.134.254,187.156.134.254,187.156.134.254,Botnet C2, , , , , ,abuse.ch Feodo Tracker Botnet C2 IP Blocklist,10/29/2021
187.156.169.68,187.156.169.68,187.156.169.68,Botnet C2, , , , , ,abuse.ch Feodo Tracker Botnet C2 IP Blocklist,10/29/2021
187.172.240.28,187.172.240.28,187.172.240.28,Botnet C2, , , , , ,abuse.ch Feodo Tracker Botnet C2 IP Blocklist,10/29/2021
187.250.109.250,187.250.109.250,187.250.109.250,Botnet C2, , , , , ,abuse.ch Feodo Tracker Botnet C2 IP Blocklist,10/29/2021
187.250.159.104,187.250.159.104,187.250.159.104,Botnet C2, , , , , ,abuse.ch Feodo Tracker Botnet C2 IP Blocklist,10/29/2021
187.75.66.160,187.75.66.160,187.75.66.160,Botnet C2, , , , , ,abuse.ch Feodo Tracker Botnet C2 IP Blocklist,10/29/2021
188.26.158.80,188.26.158.80,188.26.158.80,Botnet C2, , , , , ,abuse.ch Feodo Tracker Botnet C2 IP Blocklist,10/29/2021
188.40.100.254,188.40.100.254,188.40.100.254,Botnet C2, , , , , ,abuse.ch Feodo Tracker Botnet C2 IP Blocklist,10/29/2021
188.50.169.158,188.50.169.158,188.50.169.158,Botnet C2, , , , , ,abuse.ch Feodo Tracker Botnet C2 IP Blocklist,10/29/2021
188.50.26.190,188.50.26.190,188.50.26.190,Botnet C2, , , , , ,abuse.ch Feodo Tracker Botnet C2 IP Blocklist,10/29/2021
188.50.34.167,188.50.34.167,188.50.34.167,Botnet C2, , , , , ,abuse.ch Feodo Tracker Botnet C2 IP Blocklist,10/29/2021
188.55.235.110,188.55.235.110,188.55.235.110,Botnet C2, , , , , ,abuse.ch Feodo Tracker Botnet C2 IP Blocklist,10/29/2021
188.55.249.239,188.55.249.239,188.55.249.239,Botnet C2, , , , , ,abuse.ch Feodo Tracker Botnet C2 IP Blocklist,10/29/2021
189.135.16.92,189.135.16.92,189.135.16.92,Botnet C2, , , , , ,abuse.ch Feodo Tracker Botnet C2 IP Blocklist,10/29/2021
189.146.41.71,189.146.41.71,189.146.41.71,Botnet C2, , , , , ,abuse.ch Feodo Tracker Botnet C2 IP Blocklist,10/29/2021
189.147.159.42,189.147.159.42,189.147.159.42,Botnet C2, , , , , ,abuse.ch Feodo Tracker Botnet C2 IP Blocklist,10/29/2021
189.152.1.4,189.152.1.4,189.152.1.4,Botnet C2, , , , , ,abuse.ch Feodo Tracker Botnet C2 IP Blocklist,10/29/2021
189.210.115.207,189.210.115.207,189.210.115.207,Botnet C2, , , , , ,abuse.ch Feodo Tracker Botnet C2 IP Blocklist,10/29/2021
189.223.33.109,189.223.33.109,189.223.33.109,Botnet C2, , , , , ,abuse.ch Feodo Tracker Botnet C2 IP Blocklist,10/29/2021
189.252.140.141,189.252.140.141,189.252.140.141,Botnet C2, , , , , ,abuse.ch Feodo Tracker Botnet C2 IP Blocklist,10/29/2021
189.252.166.130,189.252.166.130,189.252.166.130,Botnet C2, , , , , ,abuse.ch Feodo Tracker Botnet C2 IP Blocklist,10/29/2021
190.109.204.126,190.109.204.126,190.109.204.126,Botnet C2, , , , , ,abuse.ch Feodo Tracker Botnet C2 IP Blocklist,10/29/2021
190.145.83.98,190.145.83.98,190.145.83.98,Botnet C2, , , , , ,abuse.ch Feodo Tracker Botnet C2 IP Blocklist,10/29/2021
190.183.237.119,190.183.237.119,190.183.237.119,Botnet C2, , , , , ,abuse.ch Feodo Tracker Botnet C2 IP Blocklist,10/29/2021
190.197.55.254,190.197.55.254,190.197.55.254,Botnet C2, , , , , ,abuse.ch Feodo Tracker Botnet C2 IP Blocklist,10/29/2021
190.198.206.189,190.198.206.189,190.198.206.189,Botnet C2, , , , , ,abuse.ch Feodo Tracker Botnet C2 IP Blocklist,10/29/2021
190.61.43.241,190.61.43.241,190.61.43.241,Botnet C2, , , , , ,abuse.ch Feodo Tracker Botnet C2 IP Blocklist,10/29/2021
192.46.210.220,192.46.210.220,192.46.210.220,Botnet C2, , , , , ,abuse.ch Feodo Tracker Botnet C2 IP Blocklist,10/29/2021
192.99.150.39,192.99.150.39,192.99.150.39,Botnet C2, , , , , ,abuse.ch Feodo Tracker Botnet C2 IP Blocklist,10/29/2021
192.99.41.136,192.99.41.136,192.99.41.136,Botnet C2, , , , , ,abuse.ch Feodo Tracker Botnet C2 IP Blocklist,10/29/2021
194.1.193.11,194.1.193.11,194.1.193.11,Botnet C2, , , , , ,abuse.ch Feodo Tracker Botnet C2 IP Blocklist,10/29/2021
195.154.108.109,195.154.108.109,195.154.108.109,Botnet C2, , , , , ,abuse.ch Feodo Tracker Botnet C2 IP Blocklist,10/29/2021
195.154.146.84,195.154.146.84,195.154.146.84,Botnet C2, , , , , ,abuse.ch Feodo Tracker Botnet C2 IP Blocklist,10/29/2021
195.210.28.115,195.210.28.115,195.210.28.115,Botnet C2, , , , , ,abuse.ch Feodo Tracker Botnet C2 IP Blocklist,10/29/2021
195.9.84.106,195.9.84.106,195.9.84.106,Botnet C2, , , , , ,abuse.ch Feodo Tracker Botnet C2 IP Blocklist,10/29/2021
196.207.140.40,196.207.140.40,196.207.140.40,Botnet C2, , , , , ,abuse.ch Feodo Tracker Botnet C2 IP Blocklist,10/29/2021
197.89.144.102,197.89.144.102,197.89.144.102,Botnet C2, , , , , ,abuse.ch Feodo Tracker Botnet C2 IP Blocklist,10/29/2021
197.89.144.19,197.89.144.19,197.89.144.19,Botnet C2, , , , , ,abuse.ch Feodo Tracker Botnet C2 IP Blocklist,10/29/2021
197.89.144.200,197.89.144.200,197.89.144.200,Botnet C2, , , , , ,abuse.ch Feodo Tracker Botnet C2 IP Blocklist,10/29/2021
198.199.98.78,198.199.98.78,198.199.98.78,Botnet C2, , , , , ,abuse.ch Feodo Tracker Botnet C2 IP Blocklist,10/29/2021
199.27.127.129,199.27.127.129,199.27.127.129,Botnet C2, , , , , ,abuse.ch Feodo Tracker Botnet C2 IP Blocklist,10/29/2021
2.222.167.138,2.222.167.138,2.222.167.138,Botnet C2, , , , , ,abuse.ch Feodo Tracker Botnet C2 IP Blocklist,10/29/2021
2.99.100.134,2.99.100.134,2.99.100.134,Botnet C2, , , , , ,abuse.ch Feodo Tracker Botnet C2 IP Blocklist,10/29/2021
200.232.214.222,200.232.214.222,200.232.214.222,Botnet C2, , , , , ,abuse.ch Feodo Tracker Botnet C2 IP Blocklist,10/29/2021
201.137.10.225,201.137.10.225,201.137.10.225,Botnet C2, , , , , ,abuse.ch Feodo Tracker Botnet C2 IP Blocklist,10/29/2021
201.148.20.37,201.148.20.37,201.148.20.37,Botnet C2, , , , , ,abuse.ch Feodo Tracker Botnet C2 IP Blocklist,10/29/2021
201.172.31.95,201.172.31.95,201.172.31.95,Botnet C2, , , , , ,abuse.ch Feodo Tracker Botnet C2 IP Blocklist,10/29/2021
201.68.60.118,201.68.60.118,201.68.60.118,Botnet C2, , , , , ,abuse.ch Feodo Tracker Botnet C2 IP Blocklist,10/29/2021
201.93.111.2,201.93.111.2,201.93.111.2,Botnet C2, , , , , ,abuse.ch Feodo Tracker Botnet C2 IP Blocklist,10/29/2021
202.134.178.157,202.134.178.157,202.134.178.157,Botnet C2, , , , , ,abuse.ch Feodo Tracker Botnet C2 IP Blocklist,10/29/2021
202.157.177.65,202.157.177.65,202.157.177.65,Botnet C2, , , , , ,abuse.ch Feodo Tracker Botnet C2 IP Blocklist,10/29/2021
202.9.121.143,202.9.121.143,202.9.121.143,Botnet C2, , , , , ,abuse.ch Feodo Tracker Botnet C2 IP Blocklist,10/29/2021
203.213.107.174,203.213.107.174,203.213.107.174,Botnet C2, , , , , ,abuse.ch Feodo Tracker Botnet C2 IP Blocklist,10/29/2021
204.107.218.39,204.107.218.39,204.107.218.39,Botnet C2, , , , , ,abuse.ch Feodo Tracker Botnet C2 IP Blocklist,10/29/2021
204.174.223.210,204.174.223.210,204.174.223.210,Botnet C2, , , , , ,abuse.ch Feodo Tracker Botnet C2 IP Blocklist,10/29/2021
206.47.134.234,206.47.134.234,206.47.134.234,Botnet C2, , , , , ,abuse.ch Feodo Tracker Botnet C2 IP Blocklist,10/29/2021
207.148.81.119,207.148.81.119,207.148.81.119,Botnet C2, , , , , ,abuse.ch Feodo Tracker Botnet C2 IP Blocklist,10/29/2021
207.154.208.93,207.154.208.93,207.154.208.93,Botnet C2, , , , , ,abuse.ch Feodo Tracker Botnet C2 IP Blocklist,10/29/2021
207.154.252.203,207.154.252.203,207.154.252.203,Botnet C2, , , , , ,abuse.ch Feodo Tracker Botnet C2 IP Blocklist,10/29/2021
207.180.220.242,207.180.220.242,207.180.220.242,Botnet C2, , , , , ,abuse.ch Feodo Tracker Botnet C2 IP Blocklist,10/29/2021
207.210.192.60,207.210.192.60,207.210.192.60,Botnet C2, , , , , ,abuse.ch Feodo Tracker Botnet C2 IP Blocklist,10/29/2021
207.246.112.221,207.246.112.221,207.246.112.221,Botnet C2, , , , , ,abuse.ch Feodo Tracker Botnet C2 IP Blocklist,10/29/2021
207.38.84.195,207.38.84.195,207.38.84.195,Botnet C2, , , , , ,abuse.ch Feodo Tracker Botnet C2 IP Blocklist,10/29/2021
207.58.132.19,207.58.132.19,207.58.132.19,Botnet C2, , , , , ,abuse.ch Feodo Tracker Botnet C2 IP Blocklist,10/29/2021
208.78.220.143,208.78.220.143,208.78.220.143,Botnet C2, , , , , ,abuse.ch Feodo Tracker Botnet C2 IP Blocklist,10/29/2021
208.89.170.179,208.89.170.179,208.89.170.179,Botnet C2, , , , , ,abuse.ch Feodo Tracker Botnet C2 IP Blocklist,10/29/2021
209.142.97.161,209.142.97.161,209.142.97.161,Botnet C2, , , , , ,abuse.ch Feodo Tracker Botnet C2 IP Blocklist,10/29/2021
209.210.95.228,209.210.95.228,209.210.95.228,Botnet C2, , , , , ,abuse.ch Feodo Tracker Botnet C2 IP Blocklist,10/29/2021
209.236.35.178,209.236.35.178,209.236.35.178,Botnet C2, , , , , ,abuse.ch Feodo Tracker Botnet C2 IP Blocklist,10/29/2021
209.239.112.82,209.239.112.82,209.239.112.82,Botnet C2, , , , , ,abuse.ch Feodo Tracker Botnet C2 IP Blocklist,10/29/2021
209.50.20.255,209.50.20.255,209.50.20.255,Botnet C2, , , , , ,abuse.ch Feodo Tracker Botnet C2 IP Blocklist,10/29/2021
209.59.199.129,209.59.199.129,209.59.199.129,Botnet C2, , , , , ,abuse.ch Feodo Tracker Botnet C2 IP Blocklist,10/29/2021
209.89.76.47,209.89.76.47,209.89.76.47,Botnet C2, , , , , ,abuse.ch Feodo Tracker Botnet C2 IP Blocklist,10/29/2021
211.172.241.52,211.172.241.52,211.172.241.52,Botnet C2, , , , , ,abuse.ch Feodo Tracker Botnet C2 IP Blocklist,10/29/2021
212.112.86.37,212.112.86.37,212.112.86.37,Botnet C2, , , , , ,abuse.ch Feodo Tracker Botnet C2 IP Blocklist,10/29/2021
212.237.17.99,212.237.17.99,212.237.17.99,Botnet C2, , , , , ,abuse.ch Feodo Tracker Botnet C2 IP Blocklist,10/29/2021
212.39.115.102,212.39.115.102,212.39.115.102,Botnet C2, , , , , ,abuse.ch Feodo Tracker Botnet C2 IP Blocklist,10/29/2021
212.53.160.143,212.53.160.143,212.53.160.143,Botnet C2, , , , , ,abuse.ch Feodo Tracker Botnet C2 IP Blocklist,10/29/2021
213.136.86.165,213.136.86.165,213.136.86.165,Botnet C2, , , , , ,abuse.ch Feodo Tracker Botnet C2 IP Blocklist,10/29/2021
213.190.4.223,213.190.4.223,213.190.4.223,Botnet C2, , , , , ,abuse.ch Feodo Tracker Botnet C2 IP Blocklist,10/29/2021
213.60.210.85,213.60.210.85,213.60.210.85,Botnet C2, , , , , ,abuse.ch Feodo Tracker Botnet C2 IP Blocklist,10/29/2021
216.10.251.121,216.10.251.121,216.10.251.121,Botnet C2, , , , , ,abuse.ch Feodo Tracker Botnet C2 IP Blocklist,10/29/2021
216.108.227.55,216.108.227.55,216.108.227.55,Botnet C2, , , , , ,abuse.ch Feodo Tracker Botnet C2 IP Blocklist,10/29/2021
216.177.161.118,216.177.161.118,216.177.161.118,Botnet C2, , , , , ,abuse.ch Feodo Tracker Botnet C2 IP Blocklist,10/29/2021
216.201.162.158,216.201.162.158,216.201.162.158,Botnet C2, , , , , ,abuse.ch Feodo Tracker Botnet C2 IP Blocklist,10/29/2021
217.17.56.163,217.17.56.163,217.17.56.163,Botnet C2, , , , , ,abuse.ch Feodo Tracker Botnet C2 IP Blocklist,10/29/2021
217.18.75.120,217.18.75.120,217.18.75.120,Botnet C2, , , , , ,abuse.ch Feodo Tracker Botnet C2 IP Blocklist,10/29/2021
217.79.184.243,217.79.184.243,217.79.184.243,Botnet C2, , , , , ,abuse.ch Feodo Tracker Botnet C2 IP Blocklist,10/29/2021
220.255.25.28,220.255.25.28,220.255.25.28,Botnet C2, , , , , ,abuse.ch Feodo Tracker Botnet C2 IP Blocklist,10/29/2021
23.160.193.106,23.160.193.106,23.160.193.106,Botnet C2, , , , , ,abuse.ch Feodo Tracker Botnet C2 IP Blocklist,10/29/2021
24.119.214.7,24.119.214.7,24.119.214.7,Botnet C2, , , , , ,abuse.ch Feodo Tracker Botnet C2 IP Blocklist,10/29/2021
24.139.72.117,24.139.72.117,24.139.72.117,Botnet C2, , , , , ,abuse.ch Feodo Tracker Botnet C2 IP Blocklist,10/29/2021
24.152.219.253,24.152.219.253,24.152.219.253,Botnet C2, , , , , ,abuse.ch Feodo Tracker Botnet C2 IP Blocklist,10/29/2021
24.162.214.166,24.162.214.166,24.162.214.166,Botnet C2, , , , , ,abuse.ch Feodo Tracker Botnet C2 IP Blocklist,10/29/2021
24.171.50.5,24.171.50.5,24.171.50.5,Botnet C2, , , , , ,abuse.ch Feodo Tracker Botnet C2 IP Blocklist,10/29/2021
24.229.150.54,24.229.150.54,24.229.150.54,Botnet C2, , , , , ,abuse.ch Feodo Tracker Botnet C2 IP Blocklist,10/29/2021
24.231.209.2,24.231.209.2,24.231.209.2,Botnet C2, , , , , ,abuse.ch Feodo Tracker Botnet C2 IP Blocklist,10/29/2021
24.55.112.61,24.55.112.61,24.55.112.61,Botnet C2, , , , , ,abuse.ch Feodo Tracker Botnet C2 IP Blocklist,10/29/2021
27.223.92.142,27.223.92.142,27.223.92.142,Botnet C2, , , , , ,abuse.ch Feodo Tracker Botnet C2 IP Blocklist,10/29/2021
27.5.5.31,27.5.5.31,27.5.5.31,Botnet C2, , , , , ,abuse.ch Feodo Tracker Botnet C2 IP Blocklist,10/29/2021
31.31.75.77,31.31.75.77,31.31.75.77,Botnet C2, , , , , ,abuse.ch Feodo Tracker Botnet C2 IP Blocklist,10/29/2021
36.37.99.242,36.37.99.242,36.37.99.242,Botnet C2, , , , , ,abuse.ch Feodo Tracker Botnet C2 IP Blocklist,10/29/2021
36.66.188.251,36.66.188.251,36.66.188.251,Botnet C2, , , , , ,abuse.ch Feodo Tracker Botnet C2 IP Blocklist,10/29/2021
36.67.97.127,36.67.97.127,36.67.97.127,Botnet C2, , , , , ,abuse.ch Feodo Tracker Botnet C2 IP Blocklist,10/29/2021
36.89.98.183,36.89.98.183,36.89.98.183,Botnet C2, , , , , ,abuse.ch Feodo Tracker Botnet C2 IP Blocklist,10/29/2021
36.91.186.235,36.91.186.235,36.91.186.235,Botnet C2, , , , , ,abuse.ch Feodo Tracker Botnet C2 IP Blocklist,10/29/2021
36.91.36.29,36.91.36.29,36.91.36.29,Botnet C2, , , , , ,abuse.ch Feodo Tracker Botnet C2 IP Blocklist,10/29/2021
36.92.59.93,36.92.59.93,36.92.59.93,Botnet C2, , , , , ,abuse.ch Feodo Tracker Botnet C2 IP Blocklist,10/29/2021
36.95.110.19,36.95.110.19,36.95.110.19,Botnet C2, , , , , ,abuse.ch Feodo Tracker Botnet C2 IP Blocklist,10/29/2021
36.95.23.89,36.95.23.89,36.95.23.89,Botnet C2, , , , , ,abuse.ch Feodo Tracker Botnet C2 IP Blocklist,10/29/2021
37.117.191.19,37.117.191.19,37.117.191.19,Botnet C2, , , , , ,abuse.ch Feodo Tracker Botnet C2 IP Blocklist,10/29/2021
37.187.115.122,37.187.115.122,37.187.115.122,Botnet C2, , , , , ,abuse.ch Feodo Tracker Botnet C2 IP Blocklist,10/29/2021
37.208.162.27,37.208.162.27,37.208.162.27,Botnet C2, , , , , ,abuse.ch Feodo Tracker Botnet C2 IP Blocklist,10/29/2021
37.208.181.198,37.208.181.198,37.208.181.198,Botnet C2, , , , , ,abuse.ch Feodo Tracker Botnet C2 IP Blocklist,10/29/2021
37.210.152.224,37.210.152.224,37.210.152.224,Botnet C2, , , , , ,abuse.ch Feodo Tracker Botnet C2 IP Blocklist,10/29/2021
37.210.155.239,37.210.155.239,37.210.155.239,Botnet C2, , , , , ,abuse.ch Feodo Tracker Botnet C2 IP Blocklist,10/29/2021
37.247.35.130,37.247.35.130,37.247.35.130,Botnet C2, , , , , ,abuse.ch Feodo Tracker Botnet C2 IP Blocklist,10/29/2021
37.59.103.148,37.59.103.148,37.59.103.148,Botnet C2, , , , , ,abuse.ch Feodo Tracker Botnet C2 IP Blocklist,10/29/2021
38.10.197.234,38.10.197.234,38.10.197.234,Botnet C2, , , , , ,abuse.ch Feodo Tracker Botnet C2 IP Blocklist,10/29/2021
38.10.199.26,38.10.199.26,38.10.199.26,Botnet C2, , , , , ,abuse.ch Feodo Tracker Botnet C2 IP Blocklist,10/29/2021
38.70.253.226,38.70.253.226,38.70.253.226,Botnet C2, , , , , ,abuse.ch Feodo Tracker Botnet C2 IP Blocklist,10/29/2021
39.49.122.240,39.49.122.240,39.49.122.240,Botnet C2, , , , , ,abuse.ch Feodo Tracker Botnet C2 IP Blocklist,10/29/2021
39.49.45.250,39.49.45.250,39.49.45.250,Botnet C2, , , , , ,abuse.ch Feodo Tracker Botnet C2 IP Blocklist,10/29/2021
39.49.64.244,39.49.64.244,39.49.64.244,Botnet C2, , , , , ,abuse.ch Feodo Tracker Botnet C2 IP Blocklist,10/29/2021
40.131.140.155,40.131.140.155,40.131.140.155,Botnet C2, , , , , ,abuse.ch Feodo Tracker Botnet C2 IP Blocklist,10/29/2021
41.228.22.180,41.228.22.180,41.228.22.180,Botnet C2, , , , , ,abuse.ch Feodo Tracker Botnet C2 IP Blocklist,10/29/2021
41.235.58.200,41.235.58.200,41.235.58.200,Botnet C2, , , , , ,abuse.ch Feodo Tracker Botnet C2 IP Blocklist,10/29/2021
41.235.69.115,41.235.69.115,41.235.69.115,Botnet C2, , , , , ,abuse.ch Feodo Tracker Botnet C2 IP Blocklist,10/29/2021
41.251.41.14,41.251.41.14,41.251.41.14,Botnet C2, , , , , ,abuse.ch Feodo Tracker Botnet C2 IP Blocklist,10/29/2021
41.86.42.158,41.86.42.158,41.86.42.158,Botnet C2, , , , , ,abuse.ch Feodo Tracker Botnet C2 IP Blocklist,10/29/2021
43.229.206.212,43.229.206.212,43.229.206.212,Botnet C2, , , , , ,abuse.ch Feodo Tracker Botnet C2 IP Blocklist,10/29/2021
43.229.206.214,43.229.206.214,43.229.206.214,Botnet C2, , , , , ,abuse.ch Feodo Tracker Botnet C2 IP Blocklist,10/29/2021
43.229.206.244,43.229.206.244,43.229.206.244,Botnet C2, , , , , ,abuse.ch Feodo Tracker Botnet C2 IP Blocklist,10/29/2021
43.252.158.104,43.252.158.104,43.252.158.104,Botnet C2, , , , , ,abuse.ch Feodo Tracker Botnet C2 IP Blocklist,10/29/2021
43.252.159.190,43.252.159.190,43.252.159.190,Botnet C2, , , , , ,abuse.ch Feodo Tracker Botnet C2 IP Blocklist,10/29/2021
45.201.134.202,45.201.134.202,45.201.134.202,Botnet C2, , , , , ,abuse.ch Feodo Tracker Botnet C2 IP Blocklist,10/29/2021
45.33.20.41,45.33.20.41,45.33.20.41,Botnet C2, , , , , ,abuse.ch Feodo Tracker Botnet C2 IP Blocklist,10/29/2021
45.33.33.91,45.33.33.91,45.33.33.91,Botnet C2, , , , , ,abuse.ch Feodo Tracker Botnet C2 IP Blocklist,10/29/2021
45.46.53.140,45.46.53.140,45.46.53.140,Botnet C2, , , , , ,abuse.ch Feodo Tracker Botnet C2 IP Blocklist,10/29/2021
45.56.121.87,45.56.121.87,45.56.121.87,Botnet C2, , , , , ,abuse.ch Feodo Tracker Botnet C2 IP Blocklist,10/29/2021
45.76.117.129,45.76.117.129,45.76.117.129,Botnet C2, , , , , ,abuse.ch Feodo Tracker Botnet C2 IP Blocklist,10/29/2021
45.76.176.10,45.76.176.10,45.76.176.10,Botnet C2, , , , , ,abuse.ch Feodo Tracker Botnet C2 IP Blocklist,10/29/2021
45.77.0.96,45.77.0.96,45.77.0.96,Botnet C2, , , , , ,abuse.ch Feodo Tracker Botnet C2 IP Blocklist,10/29/2021
45.79.33.48,45.79.33.48,45.79.33.48,Botnet C2, , , , , ,abuse.ch Feodo Tracker Botnet C2 IP Blocklist,10/29/2021
45.79.91.89,45.79.91.89,45.79.91.89,Botnet C2, , , , , ,abuse.ch Feodo Tracker Botnet C2 IP Blocklist,10/29/2021
45.9.20.200,45.9.20.200,45.9.20.200,Botnet C2, , , , , ,abuse.ch Feodo Tracker Botnet C2 IP Blocklist,10/29/2021
45.90.108.123,45.90.108.123,45.90.108.123,Botnet C2, , , , , ,abuse.ch Feodo Tracker Botnet C2 IP Blocklist,10/29/2021
46.101.142.214,46.101.142.214,46.101.142.214,Botnet C2, , , , , ,abuse.ch Feodo Tracker Botnet C2 IP Blocklist,10/29/2021
46.101.182.168,46.101.182.168,46.101.182.168,Botnet C2, , , , , ,abuse.ch Feodo Tracker Botnet C2 IP Blocklist,10/29/2021
46.101.90.205,46.101.90.205,46.101.90.205,Botnet C2, , , , , ,abuse.ch Feodo Tracker Botnet C2 IP Blocklist,10/29/2021
46.99.175.217,46.99.175.217,46.99.175.217,Botnet C2, , , , , ,abuse.ch Feodo Tracker Botnet C2 IP Blocklist,10/29/2021
47.22.148.6,47.22.148.6,47.22.148.6,Botnet C2, , , , , ,abuse.ch Feodo Tracker Botnet C2 IP Blocklist,10/29/2021
47.40.196.233,47.40.196.233,47.40.196.233,Botnet C2, , , , , ,abuse.ch Feodo Tracker Botnet C2 IP Blocklist,10/29/2021
47.72.219.120,47.72.219.120,47.72.219.120,Botnet C2, , , , , ,abuse.ch Feodo Tracker Botnet C2 IP Blocklist,10/29/2021
49.156.34.134,49.156.34.134,49.156.34.134,Botnet C2, , , , , ,abuse.ch Feodo Tracker Botnet C2 IP Blocklist,10/29/2021
49.206.29.127,49.206.29.127,49.206.29.127,Botnet C2, , , , , ,abuse.ch Feodo Tracker Botnet C2 IP Blocklist,10/29/2021
5.135.167.231,5.135.167.231,5.135.167.231,Botnet C2, , , , , ,abuse.ch Feodo Tracker Botnet C2 IP Blocklist,10/29/2021
5.182.210.132,5.182.210.132,5.182.210.132,Botnet C2, , , , , ,abuse.ch Feodo Tracker Botnet C2 IP Blocklist,10/29/2021
5.182.210.254,5.182.210.254,5.182.210.254,Botnet C2, , , , , ,abuse.ch Feodo Tracker Botnet C2 IP Blocklist,10/29/2021
5.199.162.48,5.199.162.48,5.199.162.48,Botnet C2, , , , , ,abuse.ch Feodo Tracker Botnet C2 IP Blocklist,10/29/2021
5.199.174.90,5.199.174.90,5.199.174.90,Botnet C2, , , , , ,abuse.ch Feodo Tracker Botnet C2 IP Blocklist,10/29/2021
5.224.28.151,5.224.28.151,5.224.28.151,Botnet C2, , , , , ,abuse.ch Feodo Tracker Botnet C2 IP Blocklist,10/29/2021
5.34.74.210,5.34.74.210,5.34.74.210,Botnet C2, , , , , ,abuse.ch Feodo Tracker Botnet C2 IP Blocklist,10/29/2021
5.39.99.208,5.39.99.208,5.39.99.208,Botnet C2, , , , , ,abuse.ch Feodo Tracker Botnet C2 IP Blocklist,10/29/2021
5.83.45.48,5.83.45.48,5.83.45.48,Botnet C2, , , , , ,abuse.ch Feodo Tracker Botnet C2 IP Blocklist,10/29/2021
50.116.23.195,50.116.23.195,50.116.23.195,Botnet C2, , , , , ,abuse.ch Feodo Tracker Botnet C2 IP Blocklist,10/29/2021
50.116.54.215,50.116.54.215,50.116.54.215,Botnet C2, , , , , ,abuse.ch Feodo Tracker Botnet C2 IP Blocklist,10/29/2021
50.116.62.25,50.116.62.25,50.116.62.25,Botnet C2, , , , , ,abuse.ch Feodo Tracker Botnet C2 IP Blocklist,10/29/2021
50.194.160.233,50.194.160.233,50.194.160.233,Botnet C2, , , , , ,abuse.ch Feodo Tracker Botnet C2 IP Blocklist,10/29/2021
50.29.166.232,50.29.166.232,50.29.166.232,Botnet C2, , , , , ,abuse.ch Feodo Tracker Botnet C2 IP Blocklist,10/29/2021
51.178.161.32,51.178.161.32,51.178.161.32,Botnet C2, , , , , ,abuse.ch Feodo Tracker Botnet C2 IP Blocklist,10/29/2021
51.178.61.60,51.178.61.60,51.178.61.60,Botnet C2, , , , , ,abuse.ch Feodo Tracker Botnet C2 IP Blocklist,10/29/2021
51.254.140.238,51.254.140.238,51.254.140.238,Botnet C2, , , , , ,abuse.ch Feodo Tracker Botnet C2 IP Blocklist,10/29/2021
51.77.82.110,51.77.82.110,51.77.82.110,Botnet C2, , , , , ,abuse.ch Feodo Tracker Botnet C2 IP Blocklist,10/29/2021
51.83.3.52,51.83.3.52,51.83.3.52,Botnet C2, , , , , ,abuse.ch Feodo Tracker Botnet C2 IP Blocklist,10/29/2021
51.91.76.89,51.91.76.89,51.91.76.89,Botnet C2, , , , , ,abuse.ch Feodo Tracker Botnet C2 IP Blocklist,10/29/2021
52.73.70.149,52.73.70.149,52.73.70.149,Botnet C2, , , , , ,abuse.ch Feodo Tracker Botnet C2 IP Blocklist,10/29/2021
54.191.98.150,54.191.98.150,54.191.98.150,Botnet C2, , , , , ,abuse.ch Feodo Tracker Botnet C2 IP Blocklist,10/29/2021
54.37.106.167,54.37.106.167,54.37.106.167,Botnet C2, , , , , ,abuse.ch Feodo Tracker Botnet C2 IP Blocklist,10/29/2021
54.37.202.209,54.37.202.209,54.37.202.209,Botnet C2, , , , , ,abuse.ch Feodo Tracker Botnet C2 IP Blocklist,10/29/2021
54.37.84.240,54.37.84.240,54.37.84.240,Botnet C2, , , , , ,abuse.ch Feodo Tracker Botnet C2 IP Blocklist,10/29/2021
54.38.143.246,54.38.143.246,54.38.143.246,Botnet C2, , , , , ,abuse.ch Feodo Tracker Botnet C2 IP Blocklist,10/29/2021
54.39.98.141,54.39.98.141,54.39.98.141,Botnet C2, , , , , ,abuse.ch Feodo Tracker Botnet C2 IP Blocklist,10/29/2021
62.210.116.97,62.210.116.97,62.210.116.97,Botnet C2, , , , , ,abuse.ch Feodo Tracker Botnet C2 IP Blocklist,10/29/2021
62.64.9.237,62.64.9.237,62.64.9.237,Botnet C2, , , , , ,abuse.ch Feodo Tracker Botnet C2 IP Blocklist,10/29/2021
63.143.92.99,63.143.92.99,63.143.92.99,Botnet C2, , , , , ,abuse.ch Feodo Tracker Botnet C2 IP Blocklist,10/29/2021
65.100.174.110,65.100.174.110,65.100.174.110,Botnet C2, , , , , ,abuse.ch Feodo Tracker Botnet C2 IP Blocklist,10/29/2021
66.103.170.104,66.103.170.104,66.103.170.104,Botnet C2, , , , , ,abuse.ch Feodo Tracker Botnet C2 IP Blocklist,10/29/2021
66.175.217.172,66.175.217.172,66.175.217.172,Botnet C2, , , , , ,abuse.ch Feodo Tracker Botnet C2 IP Blocklist,10/29/2021
66.177.215.152,66.177.215.152,66.177.215.152,Botnet C2, , , , , ,abuse.ch Feodo Tracker Botnet C2 IP Blocklist,10/29/2021
67.165.206.193,67.165.206.193,67.165.206.193,Botnet C2, , , , , ,abuse.ch Feodo Tracker Botnet C2 IP Blocklist,10/29/2021
67.230.44.194,67.230.44.194,67.230.44.194,Botnet C2, , , , , ,abuse.ch Feodo Tracker Botnet C2 IP Blocklist,10/29/2021
68.117.229.117,68.117.229.117,68.117.229.117,Botnet C2, , , , , ,abuse.ch Feodo Tracker Botnet C2 IP Blocklist,10/29/2021
68.183.216.174,68.183.216.174,68.183.216.174,Botnet C2, , , , , ,abuse.ch Feodo Tracker Botnet C2 IP Blocklist,10/29/2021
68.186.192.69,68.186.192.69,68.186.192.69,Botnet C2, , , , , ,abuse.ch Feodo Tracker Botnet C2 IP Blocklist,10/29/2021
68.204.7.158,68.204.7.158,68.204.7.158,Botnet C2, , , , , ,abuse.ch Feodo Tracker Botnet C2 IP Blocklist,10/29/2021
69.30.186.190,69.30.186.190,69.30.186.190,Botnet C2, , , , , ,abuse.ch Feodo Tracker Botnet C2 IP Blocklist,10/29/2021
69.30.190.105,69.30.190.105,69.30.190.105,Botnet C2, , , , , ,abuse.ch Feodo Tracker Botnet C2 IP Blocklist,10/29/2021
69.64.50.41,69.64.50.41,69.64.50.41,Botnet C2, , , , , ,abuse.ch Feodo Tracker Botnet C2 IP Blocklist,10/29/2021
69.80.113.148,69.80.113.148,69.80.113.148,Botnet C2, , , , , ,abuse.ch Feodo Tracker Botnet C2 IP Blocklist,10/29/2021
70.37.217.196,70.37.217.196,70.37.217.196,Botnet C2, , , , , ,abuse.ch Feodo Tracker Botnet C2 IP Blocklist,10/29/2021
70.93.80.154,70.93.80.154,70.93.80.154,Botnet C2, , , , , ,abuse.ch Feodo Tracker Botnet C2 IP Blocklist,10/29/2021
71.74.12.34,71.74.12.34,71.74.12.34,Botnet C2, , , , , ,abuse.ch Feodo Tracker Botnet C2 IP Blocklist,10/29/2021
71.80.168.245,71.80.168.245,71.80.168.245,Botnet C2, , , , , ,abuse.ch Feodo Tracker Botnet C2 IP Blocklist,10/29/2021
72.173.78.211,72.173.78.211,72.173.78.211,Botnet C2, , , , , ,abuse.ch Feodo Tracker Botnet C2 IP Blocklist,10/29/2021
72.252.201.69,72.252.201.69,72.252.201.69,Botnet C2, , , , , ,abuse.ch Feodo Tracker Botnet C2 IP Blocklist,10/29/2021
72.52.96.202,72.52.96.202,72.52.96.202,Botnet C2, , , , , ,abuse.ch Feodo Tracker Botnet C2 IP Blocklist,10/29/2021
73.130.180.25,73.130.180.25,73.130.180.25,Botnet C2, , , , , ,abuse.ch Feodo Tracker Botnet C2 IP Blocklist,10/29/2021
73.140.38.124,73.140.38.124,73.140.38.124,Botnet C2, , , , , ,abuse.ch Feodo Tracker Botnet C2 IP Blocklist,10/29/2021
73.151.236.31,73.151.236.31,73.151.236.31,Botnet C2, , , , , ,abuse.ch Feodo Tracker Botnet C2 IP Blocklist,10/29/2021
73.230.205.91,73.230.205.91,73.230.205.91,Botnet C2, , , , , ,abuse.ch Feodo Tracker Botnet C2 IP Blocklist,10/29/2021
73.25.109.183,73.25.109.183,73.25.109.183,Botnet C2, , , , , ,abuse.ch Feodo Tracker Botnet C2 IP Blocklist,10/29/2021
73.25.124.140,73.25.124.140,73.25.124.140,Botnet C2, , , , , ,abuse.ch Feodo Tracker Botnet C2 IP Blocklist,10/29/2021
73.52.50.32,73.52.50.32,73.52.50.32,Botnet C2, , , , , ,abuse.ch Feodo Tracker Botnet C2 IP Blocklist,10/29/2021
73.77.87.137,73.77.87.137,73.77.87.137,Botnet C2, , , , , ,abuse.ch Feodo Tracker Botnet C2 IP Blocklist,10/29/2021
74.63.218.139,74.63.218.139,74.63.218.139,Botnet C2, , , , , ,abuse.ch Feodo Tracker Botnet C2 IP Blocklist,10/29/2021
74.72.237.54,74.72.237.54,74.72.237.54,Botnet C2, , , , , ,abuse.ch Feodo Tracker Botnet C2 IP Blocklist,10/29/2021
75.131.217.182,75.131.217.182,75.131.217.182,Botnet C2, , , , , ,abuse.ch Feodo Tracker Botnet C2 IP Blocklist,10/29/2021
75.163.81.130,75.163.81.130,75.163.81.130,Botnet C2, , , , , ,abuse.ch Feodo Tracker Botnet C2 IP Blocklist,10/29/2021
75.169.58.229,75.169.58.229,75.169.58.229,Botnet C2, , , , , ,abuse.ch Feodo Tracker Botnet C2 IP Blocklist,10/29/2021
75.176.235.182,75.176.235.182,75.176.235.182,Botnet C2, , , , , ,abuse.ch Feodo Tracker Botnet C2 IP Blocklist,10/29/2021
75.188.35.168,75.188.35.168,75.188.35.168,Botnet C2, , , , , ,abuse.ch Feodo Tracker Botnet C2 IP Blocklist,10/29/2021
75.66.88.33,75.66.88.33,75.66.88.33,Botnet C2, , , , , ,abuse.ch Feodo Tracker Botnet C2 IP Blocklist,10/29/2021
75.75.179.226,75.75.179.226,75.75.179.226,Botnet C2, , , , , ,abuse.ch Feodo Tracker Botnet C2 IP Blocklist,10/29/2021
75.89.195.186,75.89.195.186,75.89.195.186,Botnet C2, , , , , ,abuse.ch Feodo Tracker Botnet C2 IP Blocklist,10/29/2021
76.25.142.196,76.25.142.196,76.25.142.196,Botnet C2, , , , , ,abuse.ch Feodo Tracker Botnet C2 IP Blocklist,10/29/2021
76.84.225.21,76.84.225.21,76.84.225.21,Botnet C2, , , , , ,abuse.ch Feodo Tracker Botnet C2 IP Blocklist,10/29/2021
76.84.230.103,76.84.230.103,76.84.230.103,Botnet C2, , , , , ,abuse.ch Feodo Tracker Botnet C2 IP Blocklist,10/29/2021
77.232.163.203,77.232.163.203,77.232.163.203,Botnet C2, , , , , ,abuse.ch Feodo Tracker Botnet C2 IP Blocklist,10/29/2021
77.255.12.88,77.255.12.88,77.255.12.88,Botnet C2, , , , , ,abuse.ch Feodo Tracker Botnet C2 IP Blocklist,10/29/2021
77.31.162.93,77.31.162.93,77.31.162.93,Botnet C2, , , , , ,abuse.ch Feodo Tracker Botnet C2 IP Blocklist,10/29/2021
77.57.204.78,77.57.204.78,77.57.204.78,Botnet C2, , , , , ,abuse.ch Feodo Tracker Botnet C2 IP Blocklist,10/29/2021
78.105.213.151,78.105.213.151,78.105.213.151,Botnet C2, , , , , ,abuse.ch Feodo Tracker Botnet C2 IP Blocklist,10/29/2021
78.179.137.102,78.179.137.102,78.179.137.102,Botnet C2, , , , , ,abuse.ch Feodo Tracker Botnet C2 IP Blocklist,10/29/2021
78.191.24.189,78.191.24.189,78.191.24.189,Botnet C2, , , , , ,abuse.ch Feodo Tracker Botnet C2 IP Blocklist,10/29/2021
78.191.36.142,78.191.36.142,78.191.36.142,Botnet C2, , , , , ,abuse.ch Feodo Tracker Botnet C2 IP Blocklist,10/29/2021
78.191.38.33,78.191.38.33,78.191.38.33,Botnet C2, , , , , ,abuse.ch Feodo Tracker Botnet C2 IP Blocklist,10/29/2021
78.191.44.76,78.191.44.76,78.191.44.76,Botnet C2, , , , , ,abuse.ch Feodo Tracker Botnet C2 IP Blocklist,10/29/2021
78.191.58.219,78.191.58.219,78.191.58.219,Botnet C2, , , , , ,abuse.ch Feodo Tracker Botnet C2 IP Blocklist,10/29/2021
79.143.186.143,79.143.186.143,79.143.186.143,Botnet C2, , , , , ,abuse.ch Feodo Tracker Botnet C2 IP Blocklist,10/29/2021
79.160.207.214,79.160.207.214,79.160.207.214,Botnet C2, , , , , ,abuse.ch Feodo Tracker Botnet C2 IP Blocklist,10/29/2021
79.172.201.113,79.172.201.113,79.172.201.113,Botnet C2, , , , , ,abuse.ch Feodo Tracker Botnet C2 IP Blocklist,10/29/2021
79.172.255.198,79.172.255.198,79.172.255.198,Botnet C2, , , , , ,abuse.ch Feodo Tracker Botnet C2 IP Blocklist,10/29/2021
80.211.40.191,80.211.40.191,80.211.40.191,Botnet C2, , , , , ,abuse.ch Feodo Tracker Botnet C2 IP Blocklist,10/29/2021
80.6.192.58,80.6.192.58,80.6.192.58,Botnet C2, , , , , ,abuse.ch Feodo Tracker Botnet C2 IP Blocklist,10/29/2021
81.0.236.89,81.0.236.89,81.0.236.89,Botnet C2, , , , , ,abuse.ch Feodo Tracker Botnet C2 IP Blocklist,10/29/2021
81.213.59.22,81.213.59.22,81.213.59.22,Botnet C2, , , , , ,abuse.ch Feodo Tracker Botnet C2 IP Blocklist,10/29/2021
81.214.126.173,81.214.126.173,81.214.126.173,Botnet C2, , , , , ,abuse.ch Feodo Tracker Botnet C2 IP Blocklist,10/29/2021
81.241.252.59,81.241.252.59,81.241.252.59,Botnet C2, , , , , ,abuse.ch Feodo Tracker Botnet C2 IP Blocklist,10/29/2021
81.250.153.227,81.250.153.227,81.250.153.227,Botnet C2, , , , , ,abuse.ch Feodo Tracker Botnet C2 IP Blocklist,10/29/2021
85.109.229.54,85.109.229.54,85.109.229.54,Botnet C2, , , , , ,abuse.ch Feodo Tracker Botnet C2 IP Blocklist,10/29/2021
85.219.187.72,85.219.187.72,85.219.187.72,Botnet C2, , , , , ,abuse.ch Feodo Tracker Botnet C2 IP Blocklist,10/29/2021
85.226.176.123,85.226.176.123,85.226.176.123,Botnet C2, , , , , ,abuse.ch Feodo Tracker Botnet C2 IP Blocklist,10/29/2021
85.254.196.150,85.254.196.150,85.254.196.150,Botnet C2, , , , , ,abuse.ch Feodo Tracker Botnet C2 IP Blocklist,10/29/2021
85.54.179.210,85.54.179.210,85.54.179.210,Botnet C2, , , , , ,abuse.ch Feodo Tracker Botnet C2 IP Blocklist,10/29/2021
85.88.174.94,85.88.174.94,85.88.174.94,Botnet C2, , , , , ,abuse.ch Feodo Tracker Botnet C2 IP Blocklist,10/29/2021
86.120.85.209,86.120.85.209,86.120.85.209,Botnet C2, , , , , ,abuse.ch Feodo Tracker Botnet C2 IP Blocklist,10/29/2021
86.152.43.219,86.152.43.219,86.152.43.219,Botnet C2, , , , , ,abuse.ch Feodo Tracker Botnet C2 IP Blocklist,10/29/2021
86.220.112.26,86.220.112.26,86.220.112.26,Botnet C2, , , , , ,abuse.ch Feodo Tracker Botnet C2 IP Blocklist,10/29/2021
86.8.177.143,86.8.177.143,86.8.177.143,Botnet C2, , , , , ,abuse.ch Feodo Tracker Botnet C2 IP Blocklist,10/29/2021
86.97.8.178,86.97.8.178,86.97.8.178,Botnet C2, , , , , ,abuse.ch Feodo Tracker Botnet C2 IP Blocklist,10/29/2021
86.98.1.197,86.98.1.197,86.98.1.197,Botnet C2, , , , , ,abuse.ch Feodo Tracker Botnet C2 IP Blocklist,10/29/2021
87.109.246.232,87.109.246.232,87.109.246.232,Botnet C2, , , , , ,abuse.ch Feodo Tracker Botnet C2 IP Blocklist,10/29/2021
87.242.20.233,87.242.20.233,87.242.20.233,Botnet C2, , , , , ,abuse.ch Feodo Tracker Botnet C2 IP Blocklist,10/29/2021
87.97.178.92,87.97.178.92,87.97.178.92,Botnet C2, , , , , ,abuse.ch Feodo Tracker Botnet C2 IP Blocklist,10/29/2021
87.99.107.124,87.99.107.124,87.99.107.124,Botnet C2, , , , , ,abuse.ch Feodo Tracker Botnet C2 IP Blocklist,10/29/2021
88.226.225.168,88.226.225.168,88.226.225.168,Botnet C2, , , , , ,abuse.ch Feodo Tracker Botnet C2 IP Blocklist,10/29/2021
89.101.97.139,89.101.97.139,89.101.97.139,Botnet C2, , , , , ,abuse.ch Feodo Tracker Botnet C2 IP Blocklist,10/29/2021
89.137.52.44,89.137.52.44,89.137.52.44,Botnet C2, , , , , ,abuse.ch Feodo Tracker Botnet C2 IP Blocklist,10/29/2021
91.178.126.51,91.178.126.51,91.178.126.51,Botnet C2, , , , , ,abuse.ch Feodo Tracker Botnet C2 IP Blocklist,10/29/2021
91.207.28.33,91.207.28.33,91.207.28.33,Botnet C2, , , , , ,abuse.ch Feodo Tracker Botnet C2 IP Blocklist,10/29/2021
91.235.129.8,91.235.129.8,91.235.129.8,Botnet C2, , , , , ,abuse.ch Feodo Tracker Botnet C2 IP Blocklist,10/29/2021
91.243.125.5,91.243.125.5,91.243.125.5,Botnet C2, , , , , ,abuse.ch Feodo Tracker Botnet C2 IP Blocklist,10/29/2021
91.83.88.122,91.83.88.122,91.83.88.122,Botnet C2, , , , , ,abuse.ch Feodo Tracker Botnet C2 IP Blocklist,10/29/2021
92.247.29.75,92.247.29.75,92.247.29.75,Botnet C2, , , , , ,abuse.ch Feodo Tracker Botnet C2 IP Blocklist,10/29/2021
92.38.128.47,92.38.128.47,92.38.128.47,Botnet C2, , , , , ,abuse.ch Feodo Tracker Botnet C2 IP Blocklist,10/29/2021
92.59.35.196,92.59.35.196,92.59.35.196,Botnet C2, , , , , ,abuse.ch Feodo Tracker Botnet C2 IP Blocklist,10/29/2021
93.48.58.123,93.48.58.123,93.48.58.123,Botnet C2, , , , , ,abuse.ch Feodo Tracker Botnet C2 IP Blocklist,10/29/2021
93.48.80.198,93.48.80.198,93.48.80.198,Botnet C2, , , , , ,abuse.ch Feodo Tracker Botnet C2 IP Blocklist,10/29/2021
93.8.66.216,93.8.66.216,93.8.66.216,Botnet C2, , , , , ,abuse.ch Feodo Tracker Botnet C2 IP Blocklist,10/29/2021
94.200.181.154,94.200.181.154,94.200.181.154,Botnet C2, , , , , ,abuse.ch Feodo Tracker Botnet C2 IP Blocklist,10/29/2021
94.23.24.82,94.23.24.82,94.23.24.82,Botnet C2, , , , , ,abuse.ch Feodo Tracker Botnet C2 IP Blocklist,10/29/2021
94.28.78.200,94.28.78.200,94.28.78.200,Botnet C2, , , , , ,abuse.ch Feodo Tracker Botnet C2 IP Blocklist,10/29/2021
94.60.254.81,94.60.254.81,94.60.254.81,Botnet C2, , , , , ,abuse.ch Feodo Tracker Botnet C2 IP Blocklist,10/29/2021
95.248.201.245,95.248.201.245,95.248.201.245,Botnet C2, , , , , ,abuse.ch Feodo Tracker Botnet C2 IP Blocklist,10/29/2021
95.77.223.148,95.77.223.148,95.77.223.148,Botnet C2, , , , , ,abuse.ch Feodo Tracker Botnet C2 IP Blocklist,10/29/2021
96.21.251.127,96.21.251.127,96.21.251.127,Botnet C2, , , , , ,abuse.ch Feodo Tracker Botnet C2 IP Blocklist,10/29/2021
96.246.158.154,96.246.158.154,96.246.158.154,Botnet C2, , , , , ,abuse.ch Feodo Tracker Botnet C2 IP Blocklist,10/29/2021
96.37.113.36,96.37.113.36,96.37.113.36,Botnet C2, , , , , ,abuse.ch Feodo Tracker Botnet C2 IP Blocklist,10/29/2021
96.46.103.226,96.46.103.226,96.46.103.226,Botnet C2, , , , , ,abuse.ch Feodo Tracker Botnet C2 IP Blocklist,10/29/2021
96.57.188.174,96.57.188.174,96.57.188.174,Botnet C2, , , , , ,abuse.ch Feodo Tracker Botnet C2 IP Blocklist,10/29/2021
97.107.134.115,97.107.134.115,97.107.134.115,Botnet C2, , , , , ,abuse.ch Feodo Tracker Botnet C2 IP Blocklist,10/29/2021
97.98.130.50,97.98.130.50,97.98.130.50,Botnet C2, , , , , ,abuse.ch Feodo Tracker Botnet C2 IP Blocklist,10/29/2021
98.157.235.126,98.157.235.126,98.157.235.126,Botnet C2, , , , , ,abuse.ch Feodo Tracker Botnet C2 IP Blocklist,10/29/2021
98.203.26.168,98.203.26.168,98.203.26.168,Botnet C2, , , , , ,abuse.ch Feodo Tracker Botnet C2 IP Blocklist,10/29/2021
98.22.92.139,98.22.92.139,98.22.92.139,Botnet C2, , , , , ,abuse.ch Feodo Tracker Botnet C2 IP Blocklist,10/29/2021
